{"success":true,"parcel":{"id":101,"height":6,"token":null,"name":null,"traffic_visits":5589,"address":"12 Buffer Crossing","visible":true,"geometry":{"type":"Polygon","crs":{"type":"name","properties":{"name":"EPSG:3857"}},"coordinates":[[[-0.94,0.02],[-1.02,0.02],[-1.02,0.24],[-0.94,0.24],[-0.94,0.02]]]},"area":175.99999999999991,"streets":[{"name":"Gear Pass","geometry":{"type":"LineString","crs":{"type":"name","properties":{"name":"EPSG:3857"}},"coordinates":[[-1.01,-0.28],[-1.01,0]]},"visible":true,"kind":"road","island":"Origin City","id":935},{"name":"Copper Route","geometry":{"type":"LineString","crs":{"type":"name","properties":{"name":"EPSG:3857"}},"coordinates":[[-0.92,0],[-0.92,1.4]]},"visible":true,"kind":"road","island":"Origin City","id":1454},{"name":"Code Street","geometry":{"type":"LineString","crs":{"type":"name","properties":{"name":"EPSG:3857"}},"coordinates":[[-0.92,0.23],[-0.51,0.23]]},"visible":true,"kind":"road","island":"Origin City","id":1476},{"name":"Addy Lane","geometry":{"type":"LineString","crs":{"type":"name","properties":{"name":"EPSG:3857"}},"coordinates":[[-1.27,0.26],[-0.92,0.26]]},"visible":true,"kind":"road","island":"Origin City","id":1485},{"name":"Buffer Crossing","geometry":{"type":"LineString","crs":{"type":"name","properties":{"name":"EPSG:3857"}},"coordinates":[[-4.82,0],[0,0]]},"visible":true,"kind":"road","island":"Origin City","id":1451}],"distance_to_center":94.02,"distance_to_closest_common":297.93,"distance_to_ocean":379,"x1":-102,"x2":-94,"y1":0,"y2":6,"z1":2,"z2":24,"suburb":"Le Marais","is_common":false,"owner":"0x20d5a37486b4fca7739fe20f54a6c4fdb95d0fad","owner_name":null,"updated_at":"2021-11-29T04:27:51.580Z","parcel_users":null,"label":null,"description":null,"lightmap_status":"None","content":{},"settings":{"sandbox":false,"hosted_scripts":false},"island":"Origin City","kind":"plot","minted":true}}