{"success":true,"parcel":{"id":1030,"height":9,"token":null,"name":null,"traffic_visits":2433,"address":"8 Scrum Street","visible":true,"geometry":{"type":"Polygon","crs":{"type":"name","properties":{"name":"EPSG:3857"}},"coordinates":[[[-1.53,-2.72],[-1.4,-2.72],[-1.4,-2.92],[-1.53,-2.92],[-1.53,-2.72]]]},"area":259.99999999999943,"streets":[{"name":"Abend Court","geometry":{"type":"LineString","crs":{"type":"name","properties":{"name":"EPSG:3857"}},"coordinates":[[-1.63,-2.94],[-1.38,-2.94]]},"visible":false,"kind":"road","island":"Origin City","id":77},{"name":"Bold Divide","geometry":{"type":"LineString","crs":{"type":"name","properties":{"name":"EPSG:3857"}},"coordinates":[[-1.45,-2.7],[-1.45,-2.21]]},"visible":true,"kind":"road","island":"Origin City","id":129},{"name":"Silica Way","geometry":{"type":"LineString","crs":{"type":"name","properties":{"name":"EPSG:3857"}},"coordinates":[[-1.38,-3.11],[-1.38,-2.7]]},"visible":true,"kind":"road","island":"Origin City","id":291},{"name":"Scrum Street","geometry":{"type":"LineString","crs":{"type":"name","properties":{"name":"EPSG:3857"}},"coordinates":[[-1.63,-2.7],[-0.81,-2.7]]},"visible":true,"kind":"road","island":"Origin City","id":1427}],"distance_to_center":305.92,"distance_to_closest_common":48,"distance_to_ocean":189,"x1":-153,"x2":-140,"y1":0,"y2":9,"z1":-292,"z2":-272,"suburb":"Oasis","is_common":false,"owner":"0xa1b18d734c3defa7dc61803417cf878517a56c57","owner_name":null,"updated_at":"2022-06-18T23:20:09.329Z","parcel_users":null,"label":null,"description":null,"lightmap_status":"None","content":{"features":[]},"settings":{"sandbox":false,"hosted_scripts":false},"island":"Origin City","kind":"plot","minted":true}}