{"success":true,"parcel":{"id":1044,"height":9,"token":null,"name":null,"traffic_visits":1376,"address":"1 Key Alley","visible":true,"geometry":{"type":"Polygon","crs":{"type":"name","properties":{"name":"EPSG:3857"}},"coordinates":[[[-0.77,3.21],[-0.61,3.21],[-0.61,3.04],[-0.77,3.04],[-0.77,3.21]]]},"area":271.99999999999994,"streets":[{"name":"Pim Extension","geometry":{"type":"LineString","crs":{"type":"name","properties":{"name":"EPSG:3857"}},"coordinates":[[-1.54,3.23],[0,3.23]]},"visible":true,"kind":"road","island":"Origin City","id":3},{"name":"Borg Avenue","geometry":{"type":"LineString","crs":{"type":"name","properties":{"name":"EPSG:3857"}},"coordinates":[[-0.87,3.02],[-0.59,3.02]]},"visible":true,"kind":"road","island":"Origin City","id":230},{"name":"Key Alley","geometry":{"type":"LineString","crs":{"type":"name","properties":{"name":"EPSG:3857"}},"coordinates":[[-0.59,2.44],[-0.59,3.23]]},"visible":true,"kind":"road","island":"Origin City","id":1439}],"distance_to_center":310.06,"distance_to_closest_common":31.4,"distance_to_ocean":160,"x1":-77,"x2":-61,"y1":0,"y2":9,"z1":304,"z2":321,"suburb":"Scripting","is_common":false,"owner":"0x3a4f57f8d664976dc4fc4a704e9a793390a2b2ff","owner_name":"0x3a4f57f8...","updated_at":"2021-11-22T10:44:42.328Z","parcel_users":null,"label":null,"description":null,"lightmap_status":"None","content":{},"settings":{"sandbox":false,"hosted_scripts":false},"island":"Origin City","kind":"plot","minted":true}}