{"success":true,"parcel":{"id":1059,"height":6,"token":null,"name":null,"traffic_visits":2217,"address":"30 Alco Gardens","visible":true,"geometry":{"type":"Polygon","crs":{"type":"name","properties":{"name":"EPSG:3857"}},"coordinates":[[[3.07,-1.08],[3.02,-1.08],[3.02,-0.99],[3.07,-0.99],[3.07,-1.08]]]},"area":45.000000000000284,"streets":[{"name":"Alva Fork","geometry":{"type":"LineString","crs":{"type":"name","properties":{"name":"EPSG:3857"}},"coordinates":[[3.09,-1.1],[3.09,0]]},"visible":true,"kind":"road","island":"Origin City","id":534},{"name":"Alco Gardens","geometry":{"type":"LineString","crs":{"type":"name","properties":{"name":"EPSG:3857"}},"coordinates":[[2.41,-1.1],[4.82,-1.1]]},"visible":true,"kind":"road","island":"Origin City","id":1182},{"name":"Sonny Fork","geometry":{"type":"LineString","crs":{"type":"name","properties":{"name":"EPSG:3857"}},"coordinates":[[2.85,-0.97],[3.09,-0.97]]},"visible":true,"kind":"road","island":"Origin City","id":1298}],"distance_to_center":317.81,"distance_to_closest_common":122.65,"distance_to_ocean":174,"x1":302,"x2":307,"y1":0,"y2":6,"z1":-108,"z2":-99,"suburb":"Junkyard","is_common":false,"owner":"0x337101def3eeb6f06e071efe02216274507937bb","owner_name":null,"updated_at":"2020-08-14T00:07:18.593Z","parcel_users":null,"label":null,"description":null,"lightmap_status":"None","content":{"voxels":"eJzt0QEJADAMwLDP+aXfxDgUkkro3Fnp8MXOLb9+8avFrxa/Wvxq8avFrxa/WvxqeZ4OtWk=","features":[{"url":"http://nftcryptonews.com/cv/vox/black.vox","type":"vox-model","uuid":"99fc6c09-ed6a-4d1b-8712-b7da473e958d","scale":[15.2,0.76,21.28],"position":[0.35,0.76,0.6],"rotation":[0,0,0]}]},"settings":{"sandbox":false,"hosted_scripts":false},"island":"Origin City","kind":"plot","minted":true}}