{"success":true,"parcel":{"id":1065,"height":6,"token":null,"name":null,"traffic_visits":771,"address":"4 Yotta Path","visible":true,"geometry":{"type":"Polygon","crs":{"type":"name","properties":{"name":"EPSG:3857"}},"coordinates":[[[-1.61,-2.92],[-1.61,-2.72],[-1.53,-2.72],[-1.53,-2.92],[-1.61,-2.92]]]},"area":159.99999999999994,"streets":[{"name":"Abend Court","geometry":{"type":"LineString","crs":{"type":"name","properties":{"name":"EPSG:3857"}},"coordinates":[[-1.63,-2.94],[-1.38,-2.94]]},"visible":false,"kind":"road","island":"Origin City","id":77},{"name":"Yotta Path","geometry":{"type":"LineString","crs":{"type":"name","properties":{"name":"EPSG:3857"}},"coordinates":[[-1.63,-3.58],[-1.63,-2.21]]},"visible":true,"kind":"road","island":"Origin City","id":557},{"name":"Bell Track","geometry":{"type":"LineString","crs":{"type":"name","properties":{"name":"EPSG:3857"}},"coordinates":[[-2.41,-2.77],[-1.63,-2.77]]},"visible":true,"kind":"road","island":"Origin City","id":1220},{"name":"Scrum Street","geometry":{"type":"LineString","crs":{"type":"name","properties":{"name":"EPSG:3857"}},"coordinates":[[-1.63,-2.7],[-0.81,-2.7]]},"visible":true,"kind":"road","island":"Origin City","id":1427}],"distance_to_center":312.08,"distance_to_closest_common":40,"distance_to_ocean":189,"x1":-161,"x2":-153,"y1":0,"y2":6,"z1":-292,"z2":-272,"suburb":"Oasis","is_common":false,"owner":"0xbd4eb0295468c80725017f74113f5aebbd6e8d12","owner_name":null,"updated_at":"2020-08-14T00:17:27.686Z","parcel_users":null,"label":null,"description":null,"lightmap_status":"None","content":null,"settings":{"sandbox":false,"hosted_scripts":false},"island":"Origin City","kind":"plot","minted":true}}