{"success":true,"parcel":{"id":109,"height":8,"token":null,"name":"Paper Park","traffic_visits":5197,"address":"10 Voxel Road","visible":true,"geometry":{"type":"Polygon","crs":{"type":"name","properties":{"name":"EPSG:3857"}},"coordinates":[[[-0.63,0.69],[-0.8,0.69],[-0.8,0.78],[-0.63,0.78],[-0.63,0.69]]]},"area":152.99999999999997,"streets":[{"name":"Proxy Route","geometry":{"type":"LineString","crs":{"type":"name","properties":{"name":"EPSG:3857"}},"coordinates":[[-0.92,0.8],[-0.61,0.8]]},"visible":true,"kind":"road","island":"Origin City","id":677},{"name":"Voxel Road","geometry":{"type":"LineString","crs":{"type":"name","properties":{"name":"EPSG:3857"}},"coordinates":[[-0.61,0.67],[-0.61,1.4]]},"visible":true,"kind":"road","island":"Origin City","id":1361},{"name":"Bee Mall","geometry":{"type":"LineString","crs":{"type":"name","properties":{"name":"EPSG:3857"}},"coordinates":[[-0.92,0.67],[0,0.67]]},"visible":true,"kind":"road","island":"Origin City","id":1458},{"name":"Ami Way","geometry":{"type":"LineString","crs":{"type":"name","properties":{"name":"EPSG:3857"}},"coordinates":[[-0.7,0.42],[-0.7,0.67]]},"visible":true,"kind":"road","island":"Origin City","id":1499}],"distance_to_center":93.43,"distance_to_closest_common":263.39,"distance_to_ocean":401,"x1":-80,"x2":-63,"y1":0,"y2":8,"z1":69,"z2":78,"suburb":"Le Marais","is_common":false,"owner":"0x175b49d39c059d764b4d268e66822eb420f46db9","owner_name":"buddha","updated_at":"2023-02-09T00:21:27.663Z","parcel_users":null,"label":"","description":null,"lightmap_status":"None","content":{"voxels":"eJzt0jEBACAMwDDmHOmI6D6SWujcWenwpZ17/PMr/1D4h8I/FP6h8A+Ffyj8Q+EfCv9Q+IfCPxT+ofAPhX8o/EPhHwr/UPiHwj8U/qHwD4V/KPxD4R8K/1D4h8I/FP6h8A+Ffyj8Q+EfigfiXGjn","palette":["#32ad54","#ffffff","#000000","#ff2929","#01cdfe","#05ffa1","#b967ff","#fffb96"],"tileset":"/uploads/atlas/47858467caeea04cad8bdebcc362507fc8061fb4.png","features":[{"url":"https://wiki.cryptovoxels.com/tall_grass.vox","type":"vox-model","scale":[3.8,5.699999999999999,3.8],"position":[-7.57190354667692,0.75,1.5732553252737524],"rotation":[0,5.086133973820239,0]},{"url":"https://wiki.cryptovoxels.com/tall_grass.vox","type":"vox-model","scale":[3.8,5.699999999999999,3.8],"position":[-4.679091523149136,0.75,-1.0236948409925746],"rotation":[0,4.66839431301172,0]},{"url":"https://wiki.cryptovoxels.com/tall_grass.vox","type":"vox-model","scale":[1.8,2.7,1.8],"position":[-0.6086500492362532,0.75,-0.2600388411969634],"rotation":[0,4.677104171795613,0]},{"url":"https://wiki.cryptovoxels.com/tall_grass.vox","type":"vox-model","scale":[1.8,2.7,1.8],"position":[5.168508490266403,0.75,0.25835605828131225],"rotation":[0,4.960938199931638,0]},{"url":"https://wiki.cryptovoxels.com/tall_tree.vox","type":"vox-model","scale":[3.8,3.8,3.8],"position":[2.0254128867647996,0.75,3.6406585067796087],"rotation":[0,4.426350153170619,0]},{"url":"https://media.crvox.com/0xb7d3a787a39f25457ca511dc3f0591b546f5e02f/1642108400305-0c2925c6-8db4-4680-a074-7cfb491fbaf7.vox","type":"vox-model","scale":[11.399999999999999,11.399999999999999,11.399999999999999],"position":[2.0545434696718186,0.75,3.9718237228955697],"rotation":[0,6.182077848698494,0]},{"url":"https://media.crvox.com/0xb7d3a787a39f25457ca511dc3f0591b546f5e02f/1642108400305-0c2925c6-8db4-4680-a074-7cfb491fbaf7.vox","type":"vox-model","scale":[5.4,5.4,5.4],"position":[2.961490317324417,0.75,-2.9504072801449768],"rotation":[0,3.6559923481768455,0]},{"url":"https://media.crvox.com/0xb7d3a787a39f25457ca511dc3f0591b546f5e02f/1642108400305-0c2925c6-8db4-4680-a074-7cfb491fbaf7.vox","type":"vox-model","scale":[5.4,5.4,5.4],"position":[-6.1716768904922805,0.75,1.8288889292866033],"rotation":[0,4.136819635292121,0]},{"url":"https://media.crvox.com/0xb7d3a787a39f25457ca511dc3f0591b546f5e02f/1642108400305-0c2925c6-8db4-4680-a074-7cfb491fbaf7.vox","type":"vox-model","scale":[11.399999999999999,11.399999999999999,11.399999999999999],"position":[-6.467412358429627,0.75,2.0120002950053655],"rotation":[0,0.8944782343252117,0]}],"scripting":false},"settings":{"sandbox":false,"hosted_scripts":false},"island":"Origin City","kind":"plot","minted":true}}