{"success":true,"parcel":{"id":1099,"height":7,"token":null,"name":null,"traffic_visits":1287,"address":"10 Alva Fork","visible":true,"geometry":{"type":"Polygon","crs":{"type":"name","properties":{"name":"EPSG:3857"}},"coordinates":[[[3.11,-0.88],[3.11,-0.79],[3.21,-0.79],[3.21,-0.88],[3.11,-0.88]]]},"area":90.00000000000004,"streets":[{"name":"Port Arcade","geometry":{"type":"LineString","crs":{"type":"name","properties":{"name":"EPSG:3857"}},"coordinates":[[3.23,-0.77],[3.23,-0.36]]},"visible":false,"kind":"road","island":"Origin City","id":274},{"name":"Alva Fork","geometry":{"type":"LineString","crs":{"type":"name","properties":{"name":"EPSG:3857"}},"coordinates":[[3.09,-1.1],[3.09,0]]},"visible":true,"kind":"road","island":"Origin City","id":534},{"name":"Bourne Alley","geometry":{"type":"LineString","crs":{"type":"name","properties":{"name":"EPSG:3857"}},"coordinates":[[3.23,-1.1],[3.23,-0.77]]},"visible":true,"kind":"road","island":"Origin City","id":632},{"name":"Cat Route","geometry":{"type":"LineString","crs":{"type":"name","properties":{"name":"EPSG:3857"}},"coordinates":[[3.09,-0.77],[3.69,-0.77]]},"visible":false,"kind":"road","island":"Origin City","id":1395}],"distance_to_center":320.88,"distance_to_closest_common":136.82,"distance_to_ocean":160,"x1":311,"x2":321,"y1":0,"y2":7,"z1":-88,"z2":-79,"suburb":"Junkyard","is_common":false,"owner":"0x8cdf31e20efa14c8e5cdf5043edc41d1e74bce66","owner_name":"DAOLord","updated_at":"2020-08-14T00:16:29.981Z","parcel_users":null,"label":null,"description":null,"lightmap_status":"None","content":null,"settings":{"sandbox":false,"hosted_scripts":false},"island":"Origin City","kind":"plot","minted":true}}