{"success":true,"parcel":{"id":1109,"height":6,"token":null,"name":"Palahaus","traffic_visits":1249,"address":"35 Grave Track","visible":true,"geometry":{"type":"Polygon","crs":{"type":"name","properties":{"name":"EPSG:3857"}},"coordinates":[[[-2.43,-2.13],[-2.43,-2.24],[-2.5,-2.24],[-2.5,-2.13],[-2.43,-2.13]]]},"area":77.00000000000004,"streets":[{"name":"Charles Junction","geometry":{"type":"LineString","crs":{"type":"name","properties":{"name":"EPSG:3857"}},"coordinates":[[-2.41,-2.21],[0,-2.21]]},"visible":true,"kind":"road","island":"Origin City","id":1186},{"name":"Sim Expressway","geometry":{"type":"LineString","crs":{"type":"name","properties":{"name":"EPSG:3857"}},"coordinates":[[-2.52,-2.41],[-2.52,-2.11]]},"visible":true,"kind":"road","island":"Origin City","id":779},{"name":"Grave Track","geometry":{"type":"LineString","crs":{"type":"name","properties":{"name":"EPSG:3857"}},"coordinates":[[-2.41,-4.82],[-2.41,0]]},"visible":true,"kind":"road","island":"Origin City","id":1174},{"name":"Daisy Garden","geometry":{"type":"LineString","crs":{"type":"name","properties":{"name":"EPSG:3857"}},"coordinates":[[-2.94,-2.11],[-2.41,-2.11]]},"visible":true,"kind":"road","island":"Origin City","id":1336}],"distance_to_center":323.14,"distance_to_closest_common":61.72,"distance_to_ocean":231,"x1":-250,"x2":-243,"y1":0,"y2":6,"z1":-224,"z2":-213,"suburb":"Oasis","is_common":false,"owner":"0xbd4eb0295468c80725017f74113f5aebbd6e8d12","owner_name":null,"updated_at":"2020-08-14T00:15:50.674Z","parcel_users":null,"label":null,"description":null,"lightmap_status":"None","content":{"voxels":"eJztlEEOgDAIBOUB/bNPN/FgMFaFAym0s3vsHAhMKruEtHW6nem91GdnaYwNcm3zPw02nMUHWM3iA6xm8QFWs/d+vePDCux4H6zTVkyOG3tYfIhMjht7WHyITI4be9jxPuTYAyw+wD5ZfIDVrL34sAKbwYe3f8o2VzV2lh7ClPU2","scripting":false},"settings":{"sandbox":false,"hosted_scripts":false},"island":"Origin City","kind":"plot","minted":true}}