{"success":true,"parcel":{"id":1122,"height":6,"token":null,"name":null,"traffic_visits":590,"address":"9 Ego Avenue","visible":true,"geometry":{"type":"Polygon","crs":{"type":"name","properties":{"name":"EPSG:3857"}},"coordinates":[[[3.25,-0.38],[3.31,-0.38],[3.31,-0.48],[3.25,-0.48],[3.25,-0.38]]]},"area":60.00000000000003,"streets":[{"name":"Ant Arcade","geometry":{"type":"LineString","crs":{"type":"name","properties":{"name":"EPSG:3857"}},"coordinates":[[3.33,-0.36],[3.33,0]]},"visible":true,"kind":"road","island":"Origin City","id":1023},{"name":"Ego Avenue","geometry":{"type":"LineString","crs":{"type":"name","properties":{"name":"EPSG:3857"}},"coordinates":[[3.09,-0.36],[4.06,-0.36]]},"visible":true,"kind":"road","island":"Origin City","id":19},{"name":"Port Arcade","geometry":{"type":"LineString","crs":{"type":"name","properties":{"name":"EPSG:3857"}},"coordinates":[[3.23,-0.77],[3.23,-0.36]]},"visible":false,"kind":"road","island":"Origin City","id":274},{"name":"Edgar Passage","geometry":{"type":"LineString","crs":{"type":"name","properties":{"name":"EPSG:3857"}},"coordinates":[[3.23,-0.5],[3.51,-0.5]]},"visible":false,"kind":"road","island":"Origin City","id":967}],"distance_to_center":327.21,"distance_to_closest_common":173.95,"distance_to_ocean":150,"x1":325,"x2":331,"y1":0,"y2":6,"z1":-48,"z2":-38,"suburb":"Makers","is_common":false,"owner":"0x8cdf31e20efa14c8e5cdf5043edc41d1e74bce66","owner_name":"DAOLord","updated_at":"2020-08-14T00:16:30.487Z","parcel_users":null,"label":null,"description":null,"lightmap_status":"None","content":null,"settings":{"sandbox":false,"hosted_scripts":false},"island":"Origin City","kind":"plot","minted":true}}