{"success":true,"parcel":{"id":1132,"height":7,"token":null,"name":null,"traffic_visits":3044,"address":"10 Collar Crescent","visible":true,"geometry":{"type":"Polygon","crs":{"type":"name","properties":{"name":"EPSG:3857"}},"coordinates":[[[-0.83,-3.13],[-0.83,-3.29],[-0.92,-3.29],[-0.92,-3.13],[-0.83,-3.13]]]},"area":144.00000000000009,"streets":[{"name":"Collar Crescent","geometry":{"type":"LineString","crs":{"type":"name","properties":{"name":"EPSG:3857"}},"coordinates":[[-0.81,-3.58],[-0.81,-2.21]]},"visible":true,"kind":"road","island":"Origin City","id":300},{"name":"Hedy Track","geometry":{"type":"LineString","crs":{"type":"name","properties":{"name":"EPSG:3857"}},"coordinates":[[-0.94,-3.44],[-0.94,-3.11]]},"visible":false,"kind":"road","island":"Origin City","id":633},{"name":"Template Center","geometry":{"type":"LineString","crs":{"type":"name","properties":{"name":"EPSG:3857"}},"coordinates":[[-1.63,-3.11],[-0.81,-3.11]]},"visible":true,"kind":"road","island":"Origin City","id":1429},{"name":"Survey Expressway","geometry":{"type":"LineString","crs":{"type":"name","properties":{"name":"EPSG:3857"}},"coordinates":[[-0.81,-3.14],[0,-3.14]]},"visible":true,"kind":"road","island":"Origin City","id":1433}],"distance_to_center":323.82,"distance_to_closest_common":109.9,"distance_to_ocean":152,"x1":-92,"x2":-83,"y1":0,"y2":7,"z1":-329,"z2":-313,"suburb":"Doom","is_common":false,"owner":"0xceee4e3317cbc4e246396460cc3a936b5c8c54e9","owner_name":null,"updated_at":"2020-08-14T00:07:25.579Z","parcel_users":null,"label":null,"description":null,"lightmap_status":"None","content":null,"settings":{"sandbox":false,"hosted_scripts":false},"island":"Origin City","kind":"plot","minted":true}}