{"success":true,"parcel":{"id":1133,"height":7,"token":null,"name":null,"traffic_visits":724,"address":"18 Cron Trace","visible":true,"geometry":{"type":"Polygon","crs":{"type":"name","properties":{"name":"EPSG:3857"}},"coordinates":[[[0.61,-3.21],[0.61,-3.36],[0.47,-3.36],[0.47,-3.21],[0.61,-3.21]]]},"area":209.99999999999977,"streets":[{"name":"Thomas Passage","geometry":{"type":"LineString","crs":{"type":"name","properties":{"name":"EPSG:3857"}},"coordinates":[[0.45,-3.38],[0.45,-3.1]]},"visible":true,"kind":"road","island":"Origin City","id":962},{"name":"Error Throughway","geometry":{"type":"LineString","crs":{"type":"name","properties":{"name":"EPSG:3857"}},"coordinates":[[0.49,-3.63],[0.49,-3.38]]},"visible":true,"kind":"road","island":"Origin City","id":1132},{"name":"Beep Gateway","geometry":{"type":"LineString","crs":{"type":"name","properties":{"name":"EPSG:3857"}},"coordinates":[[0.63,-3.38],[0.63,-2.41]]},"visible":true,"kind":"road","island":"Origin City","id":1142},{"name":"Cron Trace","geometry":{"type":"LineString","crs":{"type":"name","properties":{"name":"EPSG:3857"}},"coordinates":[[0,-3.38],[1.77,-3.38]]},"visible":true,"kind":"road","island":"Origin City","id":1203}],"distance_to_center":324.42,"distance_to_closest_common":102,"distance_to_ocean":145,"x1":47,"x2":61,"y1":0,"y2":7,"z1":-336,"z2":-321,"suburb":"Doom","is_common":false,"owner":"0xe7079eec020ddfc3f1c0abe1d946c55e6ed30eb3","owner_name":"null","updated_at":"2020-08-14T00:07:26.051Z","parcel_users":null,"label":null,"description":null,"lightmap_status":"None","content":null,"settings":{"sandbox":false,"hosted_scripts":false},"island":"Origin City","kind":"plot","minted":true}}