{"success":true,"parcel":{"id":114,"height":6,"token":null,"name":null,"traffic_visits":3988,"address":"88 Block Fork","visible":true,"geometry":{"type":"Polygon","crs":{"type":"name","properties":{"name":"EPSG:3857"}},"coordinates":[[[-0.02,-0.99],[-0.02,-1.15],[-0.17,-1.15],[-0.17,-0.99],[-0.02,-0.99]]]},"area":240.00000000000026,"streets":[{"name":"Block Fork","geometry":{"type":"LineString","crs":{"type":"name","properties":{"name":"EPSG:3857"}},"coordinates":[[0,-4.82],[0,4.82]]},"visible":true,"kind":"road","island":"Origin City","id":15},{"name":"Grim Freeway","geometry":{"type":"LineString","crs":{"type":"name","properties":{"name":"EPSG:3857"}},"coordinates":[[0,-1.02],[0.68,-1.02]]},"visible":true,"kind":"road","island":"Origin City","id":1165},{"name":"Cyber Junction","geometry":{"type":"LineString","crs":{"type":"name","properties":{"name":"EPSG:3857"}},"coordinates":[[-1.12,-1.17],[0,-1.17]]},"visible":true,"kind":"road","island":"Origin City","id":466},{"name":"Unit Mall","geometry":{"type":"LineString","crs":{"type":"name","properties":{"name":"EPSG:3857"}},"coordinates":[[-0.12,-1.51],[-0.12,-1.17]]},"visible":true,"kind":"road","island":"Origin City","id":585},{"name":"Robby Divide","geometry":{"type":"LineString","crs":{"type":"name","properties":{"name":"EPSG:3857"}},"coordinates":[[-0.37,-0.97],[0,-0.97]]},"visible":true,"kind":"road","island":"Origin City","id":1483}],"distance_to_center":99.02,"distance_to_closest_common":246.48,"distance_to_ocean":366,"x1":-17,"x2":-2,"y1":0,"y2":6,"z1":-115,"z2":-99,"suburb":"The Center","is_common":false,"owner":"0x4bbb41f61fffc1bbe65a2aa192c65281e16ea758","owner_name":null,"updated_at":"2021-09-02T20:36:39.330Z","parcel_users":null,"label":null,"description":null,"lightmap_status":"None","content":{},"settings":{"sandbox":false,"hosted_scripts":false},"island":"Origin City","kind":"plot","minted":true}}