{"success":true,"parcel":{"id":115,"height":7,"token":null,"name":null,"traffic_visits":3125,"address":"22 Metalski Crescent","visible":true,"geometry":{"type":"Polygon","crs":{"type":"name","properties":{"name":"EPSG:3857"}},"coordinates":[[[0.51,0.97],[0.62,0.97],[0.62,0.86],[0.51,0.86],[0.51,0.97]]]},"area":120.99999999999997,"streets":[{"name":"Metalski Crescent","geometry":{"type":"LineString","crs":{"type":"name","properties":{"name":"EPSG:3857"}},"coordinates":[[0.64,0],[0.64,2.41]]},"visible":true,"kind":"road","island":"Origin City","id":17},{"name":"Panther Passage","geometry":{"type":"LineString","crs":{"type":"name","properties":{"name":"EPSG:3857"}},"coordinates":[[0,0.99],[0.64,0.99]]},"visible":true,"kind":"road","island":"Origin City","id":1463},{"name":"Parse Bypass","geometry":{"type":"LineString","crs":{"type":"name","properties":{"name":"EPSG:3857"}},"coordinates":[[0.49,0.7],[0.49,0.99]]},"visible":true,"kind":"road","island":"Origin City","id":1491},{"name":"Login Alley","geometry":{"type":"LineString","crs":{"type":"name","properties":{"name":"EPSG:3857"}},"coordinates":[[0.64,0.95],[2.41,0.95]]},"visible":true,"kind":"road","island":"Origin City","id":1199}],"distance_to_center":99.98,"distance_to_closest_common":254.02,"distance_to_ocean":384,"x1":51,"x2":62,"y1":0,"y2":7,"z1":86,"z2":97,"suburb":"North Terrace","is_common":false,"owner":"0x1fb11840d982a5bb02e1154804cfc9a96af1db83","owner_name":"wonkotron","updated_at":"2020-08-14T00:03:51.412Z","parcel_users":null,"label":null,"description":null,"lightmap_status":"None","content":null,"settings":{"sandbox":false,"hosted_scripts":false},"island":"Origin City","kind":"plot","minted":true}}