{"success":true,"parcel":{"id":1151,"height":7,"token":null,"name":null,"traffic_visits":1773,"address":"3 Tag Estate","visible":true,"geometry":{"type":"Polygon","crs":{"type":"name","properties":{"name":"EPSG:3857"}},"coordinates":[[[2.96,-1.59],[2.96,-1.37],[3.06,-1.37],[3.06,-1.59],[2.96,-1.59]]]},"area":220.00000000000014,"streets":[{"name":"Tag Estate","geometry":{"type":"LineString","crs":{"type":"name","properties":{"name":"EPSG:3857"}},"coordinates":[[2.94,-2.41],[2.94,-1.1]]},"visible":true,"kind":"road","island":"Origin City","id":207},{"name":"Uma Trace","geometry":{"type":"LineString","crs":{"type":"name","properties":{"name":"EPSG:3857"}},"coordinates":[[2.94,-1.35],[3.28,-1.35]]},"visible":true,"kind":"road","island":"Origin City","id":607},{"name":"Bone Extension","geometry":{"type":"LineString","crs":{"type":"name","properties":{"name":"EPSG:3857"}},"coordinates":[[2.71,-1.52],[2.94,-1.52]]},"visible":true,"kind":"road","island":"Origin City","id":767},{"name":"Arp Way","geometry":{"type":"LineString","crs":{"type":"name","properties":{"name":"EPSG:3857"}},"coordinates":[[2.41,-1.37],[2.94,-1.37]]},"visible":true,"kind":"road","island":"Origin City","id":956},{"name":"Nimble Way","geometry":{"type":"LineString","crs":{"type":"name","properties":{"name":"EPSG:3857"}},"coordinates":[[2.94,-1.61],[3.84,-1.61]]},"visible":true,"kind":"road","island":"Origin City","id":1212}],"distance_to_center":326.17,"distance_to_closest_common":79.51,"distance_to_ocean":175,"x1":296,"x2":306,"y1":0,"y2":7,"z1":-159,"z2":-137,"suburb":"Kitties","is_common":false,"owner":"0xe7079eec020ddfc3f1c0abe1d946c55e6ed30eb3","owner_name":"null","updated_at":"2020-08-18T20:25:50.829Z","parcel_users":null,"label":null,"description":null,"lightmap_status":"None","content":null,"settings":{"sandbox":false,"hosted_scripts":false},"island":"Origin City","kind":"plot","minted":true}}