{"success":true,"parcel":{"id":119,"height":7,"token":null,"name":null,"traffic_visits":1050,"address":"2 Track Passage","visible":true,"geometry":{"type":"Polygon","crs":{"type":"name","properties":{"name":"EPSG:3857"}},"coordinates":[[[-1.03,-0.19],[-1.03,-0.26],[-1.1,-0.26],[-1.1,-0.19],[-1.03,-0.19]]]},"area":49.00000000000005,"streets":[{"name":"Gear Pass","geometry":{"type":"LineString","crs":{"type":"name","properties":{"name":"EPSG:3857"}},"coordinates":[[-1.01,-0.28],[-1.01,0]]},"visible":true,"kind":"road","island":"Origin City","id":935},{"name":"Track Passage","geometry":{"type":"LineString","crs":{"type":"name","properties":{"name":"EPSG:3857"}},"coordinates":[[-1.12,-2.21],[-1.12,0]]},"visible":true,"kind":"road","island":"Origin City","id":1198},{"name":"Thunk Crossing","geometry":{"type":"LineString","crs":{"type":"name","properties":{"name":"EPSG:3857"}},"coordinates":[[-1.12,-0.28],[-0.78,-0.28]]},"visible":true,"kind":"road","island":"Origin City","id":1486}],"distance_to_center":104.74,"distance_to_closest_common":268.87,"distance_to_ocean":371,"x1":-110,"x2":-103,"y1":0,"y2":7,"z1":-26,"z2":-19,"suburb":"Fantasy Fields","is_common":false,"owner":"0x20d5a37486b4fca7739fe20f54a6c4fdb95d0fad","owner_name":null,"updated_at":"2021-11-29T04:27:51.629Z","parcel_users":null,"label":null,"description":null,"lightmap_status":"None","content":{},"settings":{"sandbox":false,"hosted_scripts":false},"island":"Origin City","kind":"plot","minted":true}}