{"success":true,"parcel":{"id":1219,"height":6,"token":null,"name":"","traffic_visits":1603,"address":"10 Tag Estate","visible":true,"geometry":{"type":"Polygon","crs":{"type":"name","properties":{"name":"EPSG:3857"}},"coordinates":[[[2.8,-1.87],[2.92,-1.87],[2.92,-1.97],[2.8,-1.97],[2.8,-1.87]]]},"area":119.9999999999995,"streets":[{"name":"Tag Estate","geometry":{"type":"LineString","crs":{"type":"name","properties":{"name":"EPSG:3857"}},"coordinates":[[2.94,-2.41],[2.94,-1.1]]},"visible":true,"kind":"road","island":"Origin City","id":207},{"name":"Beam Arcade","geometry":{"type":"LineString","crs":{"type":"name","properties":{"name":"EPSG:3857"}},"coordinates":[[2.94,-1.98],[3.43,-1.98]]},"visible":true,"kind":"road","island":"Origin City","id":478},{"name":"Proto Court","geometry":{"type":"LineString","crs":{"type":"name","properties":{"name":"EPSG:3857"}},"coordinates":[[2.78,-2.1],[2.78,-1.85]]},"visible":true,"kind":"road","island":"Origin City","id":1127},{"name":"Adleman Walk","geometry":{"type":"LineString","crs":{"type":"name","properties":{"name":"EPSG:3857"}},"coordinates":[[2.41,-1.85],[2.94,-1.85]]},"visible":true,"kind":"road","island":"Origin City","id":1276}],"distance_to_center":336.7,"distance_to_closest_common":68.95,"distance_to_ocean":189,"x1":280,"x2":292,"y1":0,"y2":6,"z1":-197,"z2":-187,"suburb":"Kitties","is_common":false,"owner":"0xe7079eec020ddfc3f1c0abe1d946c55e6ed30eb3","owner_name":"null","updated_at":"2020-08-18T17:24:42.672Z","parcel_users":null,"label":null,"description":null,"lightmap_status":"None","content":{"voxels":"eJzt0UERACAMwDDmHOmY2IPrJZXQubPa4Su7d/39jb9t/rb52+Zvm79t/rb52+Zvm79t/rb52+Zvm79t/rb52+Zvm79t/rb52+Zvm79t/rY9Es/j0A==","scripting":false},"settings":{"sandbox":false,"hosted_scripts":false},"island":"Origin City","kind":"plot","minted":true}}