{"success":true,"parcel":{"id":1222,"height":9,"token":null,"name":null,"traffic_visits":998,"address":"6 Tag Estate","visible":true,"geometry":{"type":"Polygon","crs":{"type":"name","properties":{"name":"EPSG:3857"}},"coordinates":[[[2.96,-1.71],[2.96,-1.63],[3.07,-1.63],[3.07,-1.71],[2.96,-1.71]]]},"area":88.00000000000009,"streets":[{"name":"Tag Estate","geometry":{"type":"LineString","crs":{"type":"name","properties":{"name":"EPSG:3857"}},"coordinates":[[2.94,-2.41],[2.94,-1.1]]},"visible":true,"kind":"road","island":"Origin City","id":207},{"name":"Synergy Lane","geometry":{"type":"LineString","crs":{"type":"name","properties":{"name":"EPSG:3857"}},"coordinates":[[2.94,-1.73],[3.26,-1.73]]},"visible":true,"kind":"road","island":"Origin City","id":695},{"name":"Nimble Way","geometry":{"type":"LineString","crs":{"type":"name","properties":{"name":"EPSG:3857"}},"coordinates":[[2.94,-1.61],[3.84,-1.61]]},"visible":true,"kind":"road","island":"Origin City","id":1212}],"distance_to_center":337.91,"distance_to_closest_common":70.01,"distance_to_ocean":174,"x1":296,"x2":307,"y1":0,"y2":9,"z1":-171,"z2":-163,"suburb":"Kitties","is_common":false,"owner":"0xe7079eec020ddfc3f1c0abe1d946c55e6ed30eb3","owner_name":"null","updated_at":"2020-08-14T00:07:41.033Z","parcel_users":null,"label":null,"description":null,"lightmap_status":"None","content":null,"settings":{"sandbox":false,"hosted_scripts":false},"island":"Origin City","kind":"plot","minted":true}}