{"success":true,"parcel":{"id":1240,"height":6,"token":null,"name":null,"traffic_visits":635,"address":"3 Stoll Freeway","visible":true,"geometry":{"type":"Polygon","crs":{"type":"name","properties":{"name":"EPSG:3857"}},"coordinates":[[[-1.94,2.86],[-1.94,2.81],[-2.07,2.81],[-2.07,2.86],[-1.94,2.86]]]},"area":64.99999999999973,"streets":[{"name":"Exa Square","geometry":{"type":"LineString","crs":{"type":"name","properties":{"name":"EPSG:3857"}},"coordinates":[[-2.41,2.79],[-1.92,2.79]]},"visible":true,"kind":"road","island":"Origin City","id":484},{"name":"Crypto Walk","geometry":{"type":"LineString","crs":{"type":"name","properties":{"name":"EPSG:3857"}},"coordinates":[[-2.09,2.79],[-2.09,3.04]]},"visible":true,"kind":"road","island":"Origin City","id":1133},{"name":"Stoll Freeway","geometry":{"type":"LineString","crs":{"type":"name","properties":{"name":"EPSG:3857"}},"coordinates":[[-1.92,2.44],[-1.92,3.04]]},"visible":true,"kind":"road","island":"Origin City","id":1393}],"distance_to_center":341.46,"distance_to_closest_common":166.97,"distance_to_ocean":195,"x1":-207,"x2":-194,"y1":0,"y2":6,"z1":281,"z2":286,"suburb":"Area 51","is_common":false,"owner":"0x42a60d2f2ffa2150c568010a8d425f0aad284fd2","owner_name":null,"updated_at":"2020-08-14T00:21:23.403Z","parcel_users":null,"label":null,"description":null,"lightmap_status":"None","content":null,"settings":{"sandbox":false,"hosted_scripts":false},"island":"Origin City","kind":"plot","minted":true}}