{"success":true,"parcel":{"id":1261,"height":9,"token":null,"name":null,"traffic_visits":763,"address":"12 Tag Estate","visible":true,"geometry":{"type":"Polygon","crs":{"type":"name","properties":{"name":"EPSG:3857"}},"coordinates":[[[2.92,-1.97],[2.92,-2.08],[2.8,-2.08],[2.8,-1.97],[2.92,-1.97]]]},"area":131.99999999999974,"streets":[{"name":"Tag Estate","geometry":{"type":"LineString","crs":{"type":"name","properties":{"name":"EPSG:3857"}},"coordinates":[[2.94,-2.41],[2.94,-1.1]]},"visible":true,"kind":"road","island":"Origin City","id":207},{"name":"Beam Arcade","geometry":{"type":"LineString","crs":{"type":"name","properties":{"name":"EPSG:3857"}},"coordinates":[[2.94,-1.98],[3.43,-1.98]]},"visible":true,"kind":"road","island":"Origin City","id":478},{"name":"Proto Court","geometry":{"type":"LineString","crs":{"type":"name","properties":{"name":"EPSG:3857"}},"coordinates":[[2.78,-2.1],[2.78,-1.85]]},"visible":true,"kind":"road","island":"Origin City","id":1127},{"name":"Fearless Walk","geometry":{"type":"LineString","crs":{"type":"name","properties":{"name":"EPSG:3857"}},"coordinates":[[2.41,-2.1],[2.94,-2.1]]},"visible":true,"kind":"road","island":"Origin City","id":1277}],"distance_to_center":342.36,"distance_to_closest_common":66.1,"distance_to_ocean":189,"x1":280,"x2":292,"y1":0,"y2":9,"z1":-208,"z2":-197,"suburb":"Kitties","is_common":false,"owner":"0x2d891ed45c4c3eab978513df4b92a35cf131d2e2","owner_name":"bnolan","updated_at":"2020-08-14T00:06:30.441Z","parcel_users":null,"label":null,"description":null,"lightmap_status":"None","content":{"voxels":"eJzt0yEOw1AMBcFGvXiOXlC45CtuJYMZ0wdM9rqvBfc6ZGs72W64839PlzCxo6HffwsTuoDSBZQuoHQBpQsoXUDpAkoXULqA0gWULqB0AbW3i/f9vWffwsTeLmbfwoQuoHQBpQsoXUDpAkoXUDu6+E9DtrbPt+f3AfJYizM=","features":[{"id":"nought","url":"https://cdn.discordapp.com/attachments/573736707984457738/733842416276340798/nought.vox","type":"vox-model","uuid":"61c1e548-1289-4f47-8553-aa03c21d2429","flipX":true,"scale":[0.5,0.5,0.5],"script":"","position":[2,1.25,0.75],"rotation":[0,1.5707963267948966,0],"animation":{"keyframes":[]}},{"url":"https://cdn.discordapp.com/attachments/573736707984457738/733838799150514276/ttt-board.vox","type":"vox-model","uuid":"d588f30f-222b-4a69-ad20-45e67192c810","flipX":true,"scale":[3,3,3],"script":"let o = parcel.getFeatureById('nought')\nlet x = parcel.getFeatureById('cross')\n\nlet clones = []\nlet nought = true\n\nfeature.on('click', e => {\n  if (clones.length === 9) {\n    clones.forEach(c => c.remove())\n    clones = []\n  }\n\n  let c = (nought ? o : x).clone()\n  c.position.copyFrom(e.point)\n  clones.push(c)\n\n  nought = !nought\n})\n\n","position":[0,0.75,1.5],"rotation":[0,1.5707963267948966,0],"animation":{"keyframes":[]}},{"id":"cross","url":"https://cdn.discordapp.com/attachments/573736707984457738/733842407073775616/cross.vox","type":"vox-model","uuid":"6163add9-6f62-4875-af58-b7ac461e614b","flipX":true,"scale":[0.5,0.5,0.5],"script":"","position":[2,1.25,1.5],"rotation":[0,1.5707963267948966,0],"animation":{"keyframes":[]}}]},"settings":{"sandbox":false,"hosted_scripts":false},"island":"Origin City","kind":"plot","minted":true}}