{"success":true,"parcel":{"id":1267,"height":7,"token":null,"name":null,"traffic_visits":1278,"address":"22 Cron Trace","visible":true,"geometry":{"type":"Polygon","crs":{"type":"name","properties":{"name":"EPSG:3857"}},"coordinates":[[[0.2,-3.4],[0.28,-3.4],[0.28,-3.61],[0.2,-3.61],[0.2,-3.4]]]},"area":168,"streets":[{"name":"Patriot Mall","geometry":{"type":"LineString","crs":{"type":"name","properties":{"name":"EPSG:3857"}},"coordinates":[[0.29,-3.38],[0.29,-3.1]]},"visible":true,"kind":"road","island":"Origin City","id":960},{"name":"Claude Arcade","geometry":{"type":"LineString","crs":{"type":"name","properties":{"name":"EPSG:3857"}},"coordinates":[[0.18,-3.63],[0.18,-3.38]]},"visible":true,"kind":"road","island":"Origin City","id":1137},{"name":"Zener Road","geometry":{"type":"LineString","crs":{"type":"name","properties":{"name":"EPSG:3857"}},"coordinates":[[0,-3.63],[0.66,-3.63]]},"visible":true,"kind":"road","island":"Origin City","id":1239},{"name":"Cron Trace","geometry":{"type":"LineString","crs":{"type":"name","properties":{"name":"EPSG:3857"}},"coordinates":[[0,-3.38],[1.77,-3.38]]},"visible":true,"kind":"road","island":"Origin City","id":1203}],"distance_to_center":340.59,"distance_to_closest_common":135.06,"distance_to_ocean":120,"x1":20,"x2":28,"y1":0,"y2":7,"z1":-361,"z2":-340,"suburb":"Deep South","is_common":false,"owner":"0x204ec14085e09d124751b5923a4a919d4f364bb0","owner_name":null,"updated_at":"2021-11-28T23:25:12.561Z","parcel_users":null,"label":null,"description":null,"lightmap_status":"None","content":{"voxels":"eJzt1LERgDAAAzHYnFXYlN5pCQ4Xyb3LP6/zFzuAbbR7o0tAavdGl4DU7o0uAandG10CUrs333fpfvFr5ifsq92b2V0ai6FLsLp2b3QJSO3e6BKQ2r3RJSC1e6NLQGr3ZnaXRroEq2v35vsuAatr90aXgNTujS4Bqd0bXQLSA4JGutI=","features":[{"text":"Happy","type":"polytext","uuid":"dd12d492-0f32-429b-b0cb-4d6177b27ac8","scale":[0.1,0.1,0.1],"position":[-0.5,1.25,8],"rotation":[0,1.5707963267948966,0]},{"text":"Holidays","type":"polytext","uuid":"99f63830-cbdb-41fd-b75e-0c0b2190bb9f","scale":[0.1,0.1,0.1],"position":[1,1.25,7.75],"rotation":[0,1.5707963267948966,0]},{"text":"Dr. W","type":"polytext","uuid":"42b3ddf0-6720-4ea6-aa0b-80ccf3b6ea6b","scale":[0.25,0.25,0.25],"position":[0.25,0.75,7.25],"rotation":[0,1.5707963267948966,0]}]},"settings":{"sandbox":false,"hosted_scripts":false},"island":"Origin City","kind":"plot","minted":true}}