{"success":true,"parcel":{"id":1274,"height":8,"token":null,"name":null,"traffic_visits":1261,"address":"20 Cron Trace","visible":true,"geometry":{"type":"Polygon","crs":{"type":"name","properties":{"name":"EPSG:3857"}},"coordinates":[[[0.28,-3.4],[0.47,-3.4],[0.47,-3.61],[0.28,-3.61],[0.28,-3.4]]]},"area":398.99999999999994,"streets":[{"name":"One Gateway","geometry":{"type":"LineString","crs":{"type":"name","properties":{"name":"EPSG:3857"}},"coordinates":[[0.35,-4.18],[0.35,-3.63]]},"visible":true,"kind":"road","island":"Origin City","id":79},{"name":"Patriot Mall","geometry":{"type":"LineString","crs":{"type":"name","properties":{"name":"EPSG:3857"}},"coordinates":[[0.29,-3.38],[0.29,-3.1]]},"visible":true,"kind":"road","island":"Origin City","id":960},{"name":"Thomas Passage","geometry":{"type":"LineString","crs":{"type":"name","properties":{"name":"EPSG:3857"}},"coordinates":[[0.45,-3.38],[0.45,-3.1]]},"visible":true,"kind":"road","island":"Origin City","id":962},{"name":"Error Throughway","geometry":{"type":"LineString","crs":{"type":"name","properties":{"name":"EPSG:3857"}},"coordinates":[[0.49,-3.63],[0.49,-3.38]]},"visible":true,"kind":"road","island":"Origin City","id":1132},{"name":"Zener Road","geometry":{"type":"LineString","crs":{"type":"name","properties":{"name":"EPSG:3857"}},"coordinates":[[0,-3.63],[0.66,-3.63]]},"visible":true,"kind":"road","island":"Origin City","id":1239},{"name":"Cron Trace","geometry":{"type":"LineString","crs":{"type":"name","properties":{"name":"EPSG:3857"}},"coordinates":[[0,-3.38],[1.77,-3.38]]},"visible":true,"kind":"road","island":"Origin City","id":1203}],"distance_to_center":341.15,"distance_to_closest_common":116.07,"distance_to_ocean":120,"x1":28,"x2":47,"y1":0,"y2":8,"z1":-361,"z2":-340,"suburb":"Deep South","is_common":false,"owner":"0x0ba6a24246ab3cfc9d843373d76d8fd7fd7a3430","owner_name":null,"updated_at":"2022-05-03T12:35:01.104Z","parcel_users":null,"label":null,"description":null,"lightmap_status":"None","content":{},"settings":{"sandbox":false,"hosted_scripts":false},"island":"Origin City","kind":"plot","minted":true}}