{"success":true,"parcel":{"id":1289,"height":9,"token":null,"name":null,"traffic_visits":789,"address":"14 Cron Trace","visible":true,"geometry":{"type":"Polygon","crs":{"type":"name","properties":{"name":"EPSG:3857"}},"coordinates":[[[0.68,-3.51],[0.68,-3.4],[0.89,-3.4],[0.89,-3.51],[0.68,-3.51]]]},"area":231.00000000000068,"streets":[{"name":"Tag Walk","geometry":{"type":"LineString","crs":{"type":"name","properties":{"name":"EPSG:3857"}},"coordinates":[[0.75,-3.38],[0.75,-3.06]]},"visible":true,"kind":"road","island":"Origin City","id":100},{"name":"Rand Extension","geometry":{"type":"LineString","crs":{"type":"name","properties":{"name":"EPSG:3857"}},"coordinates":[[0.66,-4.82],[0.66,-3.38]]},"visible":true,"kind":"road","island":"Origin City","id":92},{"name":"Clock Freeway","geometry":{"type":"LineString","crs":{"type":"name","properties":{"name":"EPSG:3857"}},"coordinates":[[0.66,-3.53],[0.98,-3.53]]},"visible":true,"kind":"road","island":"Origin City","id":703},{"name":"Cron Trace","geometry":{"type":"LineString","crs":{"type":"name","properties":{"name":"EPSG:3857"}},"coordinates":[[0,-3.38],[1.77,-3.38]]},"visible":true,"kind":"road","island":"Origin City","id":1203}],"distance_to_center":346.73,"distance_to_closest_common":74.11,"distance_to_ocean":130,"x1":68,"x2":89,"y1":0,"y2":9,"z1":-351,"z2":-340,"suburb":"Deep South","is_common":false,"owner":"0x2ef2dead55ef9e4a7dee194df5e2891d4a04eceb","owner_name":null,"updated_at":"2020-08-13T23:58:17.976Z","parcel_users":null,"label":null,"description":null,"lightmap_status":"None","content":null,"settings":{"sandbox":false,"hosted_scripts":false},"island":"Origin City","kind":"plot","minted":true}}