{"success":true,"parcel":{"id":1291,"height":8,"token":null,"name":"Renderdog Plaza 1","traffic_visits":1065,"address":"8 Circuit Fork","visible":true,"geometry":{"type":"Polygon","crs":{"type":"name","properties":{"name":"EPSG:3857"}},"coordinates":[[[-0.59,-3.56],[-0.64,-3.56],[-0.64,-3.42],[-0.59,-3.42],[-0.59,-3.56]]]},"area":70.00000000000011,"streets":[{"name":"Kriz Branch","geometry":{"type":"LineString","crs":{"type":"name","properties":{"name":"EPSG:3857"}},"coordinates":[[-0.57,-3.58],[-0.57,-3.14]]},"visible":true,"kind":"road","island":"Origin City","id":209},{"name":"Monadi Route","geometry":{"type":"LineString","crs":{"type":"name","properties":{"name":"EPSG:3857"}},"coordinates":[[-0.57,-3.46],[-0.26,-3.46]]},"visible":true,"kind":"road","island":"Origin City","id":754},{"name":"Circuit Fork","geometry":{"type":"LineString","crs":{"type":"name","properties":{"name":"EPSG:3857"}},"coordinates":[[-2.41,-3.58],[0,-3.58]]},"visible":true,"kind":"road","island":"Origin City","id":1196},{"name":"Baxter Garden","geometry":{"type":"LineString","crs":{"type":"name","properties":{"name":"EPSG:3857"}},"coordinates":[[-0.81,-3.4],[-0.57,-3.4]]},"visible":true,"kind":"road","island":"Origin City","id":1305}],"distance_to_center":347.05,"distance_to_closest_common":143.59,"distance_to_ocean":125,"x1":-64,"x2":-59,"y1":0,"y2":8,"z1":-356,"z2":-342,"suburb":"Deep South","is_common":false,"owner":"0x385c2d94cd5dfa0ab6423891b817da73426bacc7","owner_name":"Renderdog","updated_at":"2020-08-14T00:22:08.320Z","parcel_users":null,"label":null,"description":null,"lightmap_status":"None","content":{"voxels":"eJzt08ENACAMxDAKizM6O/DoSZWdGVK3Wjuf7SXNq/e+//8WDOQ/yPEf5PgPcvwHOf6DHP9Bjv8gx3+Q8wDXz6xg","features":[{"url":"https://cdn.discordapp.com/attachments/665350332972531713/665351383129784370/FruitsOfDestructionSmallStill.jpg","type":"image","uuid":"22582989-7957-4a55-8213-17cfd74aa848","color":true,"scale":[2,2,1],"position":[-1.75,2.75,3],"rotation":[0,4.71238898038469,0]}],"scripting":false},"settings":{"sandbox":false,"hosted_scripts":false},"island":"Origin City","kind":"plot","minted":true}}