{"success":true,"parcel":{"id":1313,"height":10,"token":null,"name":null,"traffic_visits":2149,"address":"35 Boots Crossing","visible":true,"geometry":{"type":"Polygon","crs":{"type":"name","properties":{"name":"EPSG:3857"}},"coordinates":[[[-2.39,2.67],[-2.39,2.77],[-2.23,2.77],[-2.23,2.67],[-2.39,2.67]]]},"area":160.00000000000028,"streets":[{"name":"Zipper Branch","geometry":{"type":"LineString","crs":{"type":"name","properties":{"name":"EPSG:3857"}},"coordinates":[[-3.75,2.76],[-2.41,2.76]]},"visible":true,"kind":"road","island":"Origin City","id":476},{"name":"Boots Crossing","geometry":{"type":"LineString","crs":{"type":"name","properties":{"name":"EPSG:3857"}},"coordinates":[[-2.41,0],[-2.41,4.82]]},"visible":true,"kind":"road","island":"Origin City","id":1175},{"name":"Exa Square","geometry":{"type":"LineString","crs":{"type":"name","properties":{"name":"EPSG:3857"}},"coordinates":[[-2.41,2.79],[-1.92,2.79]]},"visible":true,"kind":"road","island":"Origin City","id":484},{"name":"Audio Drive","geometry":{"type":"LineString","crs":{"type":"name","properties":{"name":"EPSG:3857"}},"coordinates":[[-2.21,2.44],[-2.21,2.79]]},"visible":true,"kind":"road","island":"Origin City","id":1161}],"distance_to_center":347.88,"distance_to_closest_common":197.33,"distance_to_ocean":204,"x1":-239,"x2":-223,"y1":0,"y2":10,"z1":267,"z2":277,"suburb":"Area 51","is_common":false,"owner":"0x9ae8912ea6562957043c8d048641aa9b450c397f","owner_name":"snax.eth","updated_at":"2023-03-28T15:11:51.556Z","parcel_users":null,"label":null,"description":null,"lightmap_status":"None","content":{"features":[]},"settings":{"sandbox":false,"hosted_scripts":false},"island":"Origin City","kind":"plot","minted":true}}