{"success":true,"parcel":{"id":1326,"height":13,"token":null,"name":null,"traffic_visits":718,"address":"6 Coleman Plaza","visible":true,"geometry":{"type":"Polygon","crs":{"type":"name","properties":{"name":"EPSG:3857"}},"coordinates":[[[2.94,2.09],[3,2.09],[3,1.93],[2.94,1.93],[2.94,2.09]]]},"area":96.00000000000004,"streets":[{"name":"Grid Expressway","geometry":{"type":"LineString","crs":{"type":"name","properties":{"name":"EPSG:3857"}},"coordinates":[[3.02,2.01],[3.48,2.01]]},"visible":true,"kind":"road","island":"Origin City","id":178},{"name":"Coleman Plaza","geometry":{"type":"LineString","crs":{"type":"name","properties":{"name":"EPSG:3857"}},"coordinates":[[3.02,1.68],[3.02,2.41]]},"visible":true,"kind":"road","island":"Origin City","id":431},{"name":"Four Divide","geometry":{"type":"LineString","crs":{"type":"name","properties":{"name":"EPSG:3857"}},"coordinates":[[2.78,1.91],[3.02,1.91]]},"visible":true,"kind":"road","island":"Origin City","id":1301},{"name":"Cloud Track","geometry":{"type":"LineString","crs":{"type":"name","properties":{"name":"EPSG:3857"}},"coordinates":[[2.41,2.11],[3.02,2.11]]},"visible":true,"kind":"road","island":"Origin City","id":1386}],"distance_to_center":351.69,"distance_to_closest_common":343,"distance_to_ocean":181,"x1":294,"x2":300,"y1":0,"y2":13,"z1":193,"z2":209,"suburb":"Frankfurt","is_common":false,"owner":"0xe7079eec020ddfc3f1c0abe1d946c55e6ed30eb3","owner_name":"null","updated_at":"2020-08-14T00:12:22.697Z","parcel_users":null,"label":null,"description":null,"lightmap_status":"None","content":null,"settings":{"sandbox":false,"hosted_scripts":false},"island":"Origin City","kind":"plot","minted":true}}