{"success":true,"parcel":{"id":1329,"height":6,"token":null,"name":"","traffic_visits":3093,"address":"15 Math Throughway","visible":true,"geometry":{"type":"Polygon","crs":{"type":"name","properties":{"name":"EPSG:3857"}},"coordinates":[[[-3.58,-0.73],[-3.43,-0.73],[-3.43,-0.84],[-3.58,-0.84],[-3.58,-0.73]]]},"area":164.99999999999986,"streets":[{"name":"Math Throughway","geometry":{"type":"LineString","crs":{"type":"name","properties":{"name":"EPSG:3857"}},"coordinates":[[-4.82,-0.71],[-2.41,-0.71]]},"visible":true,"kind":"road","island":"Origin City","id":18},{"name":"Cable Heights","geometry":{"type":"LineString","crs":{"type":"name","properties":{"name":"EPSG:3857"}},"coordinates":[[-3.76,-0.86],[-3.41,-0.86]]},"visible":false,"kind":"road","island":"Origin City","id":292},{"name":"Bonus Freeway","geometry":{"type":"LineString","crs":{"type":"name","properties":{"name":"EPSG:3857"}},"coordinates":[[-3.41,-1.08],[-3.41,-0.71]]},"visible":true,"kind":"road","island":"Origin City","id":440}],"distance_to_center":350.68,"distance_to_closest_common":228.67,"distance_to_ocean":123,"x1":-358,"x2":-343,"y1":0,"y2":6,"z1":-84,"z2":-73,"suburb":"Babylon","is_common":false,"owner":"0xc9b5caead28d9fb4fbca386aa90b8deb647e5a12","owner_name":null,"updated_at":"2022-07-01T14:30:09.814Z","parcel_users":null,"label":"","description":"","lightmap_status":"None","content":{"voxels":"eJzt2zEKwzAQAMEId3q1np4qsJ0diDAOM1equWJB1Y01Ls9cL/7c1ANxvYax7t6V/fRA6YHSA6UHSg+UHig9UHqg9EDpgdIDpQdqRw/KeS49UHqgftXDsT5z3sNx8s599ED5L6gdPfBceqD0QOmB0gOlB0oPlB6ob3qYly84XXo+1RtT01iJ","palette":["#ffffff","#888888","#030303","#ff71ce","#01cdfe","#05ffa1","#b967ff","#fffb96"],"tileset":"/uploads/atlas/1cddcb63cc0f23dc18c25720a49a633ac82ab694.png","scripting":false,"features":[]},"settings":{"sandbox":false,"hosted_scripts":false},"island":"Origin City","kind":"plot","minted":true}}