{"success":true,"parcel":{"id":1330,"height":10,"token":null,"name":null,"traffic_visits":1453,"address":"6 Fearless Divide","visible":true,"geometry":{"type":"Polygon","crs":{"type":"name","properties":{"name":"EPSG:3857"}},"coordinates":[[[-3.05,-1.9],[-2.96,-1.9],[-2.96,-2.05],[-3.05,-2.05],[-3.05,-1.9]]]},"area":135.00000000000017,"streets":[{"name":"Munger Branch","geometry":{"type":"LineString","crs":{"type":"name","properties":{"name":"EPSG:3857"}},"coordinates":[[-3.29,-2.07],[-2.94,-2.07]]},"visible":true,"kind":"road","island":"Origin City","id":530},{"name":"Fearless Divide","geometry":{"type":"LineString","crs":{"type":"name","properties":{"name":"EPSG:3857"}},"coordinates":[[-3.76,-1.88],[-2.41,-1.88]]},"visible":true,"kind":"road","island":"Origin City","id":636},{"name":"Hecto Crescent","geometry":{"type":"LineString","crs":{"type":"name","properties":{"name":"EPSG:3857"}},"coordinates":[[-2.94,-2.41],[-2.94,-1.88]]},"visible":true,"kind":"road","island":"Origin City","id":660},{"name":"Mellow Common","geometry":{"type":"LineString","crs":{"type":"name","properties":{"name":"EPSG:3857"}},"coordinates":[[-3.07,-1.88],[-3.07,-1.34]]},"visible":false,"kind":"road","island":"Origin City","id":794}],"distance_to_center":351.73,"distance_to_closest_common":109.71,"distance_to_ocean":176,"x1":-305,"x2":-296,"y1":0,"y2":10,"z1":-205,"z2":-190,"suburb":"Oasis","is_common":false,"owner":"0x0132adedf7b7eff86810cd92b388b33e838f7c10","owner_name":null,"updated_at":"2024-03-06T21:24:27.420Z","parcel_users":null,"label":null,"description":null,"lightmap_status":"None","content":{"voxels":"eJzt1EENACAMwEDmHOlo2Is0uauHzp0vHYClP7fyK2DPr4AKvwIq/Aqo8Cugwq+ACr8CKvwKqPAroMKvgAq/Air8CqjwK6DCr4AKvwIq/Aqo8Cug4gEOFyBX","features":[]},"settings":{"sandbox":false,"hosted_scripts":false},"island":"Origin City","kind":"plot","minted":true}}