{"success":true,"parcel":{"id":1335,"height":6,"token":null,"name":"TOKENS GRATIS","traffic_visits":2834,"address":"10 Yotta Path","visible":true,"geometry":{"type":"Polygon","crs":{"type":"name","properties":{"name":"EPSG:3857"}},"coordinates":[[[-1.61,-3.34],[-1.61,-3.13],[-1.55,-3.13],[-1.55,-3.34],[-1.61,-3.34]]]},"area":126.00000000000009,"streets":[{"name":"Quote Center","geometry":{"type":"LineString","crs":{"type":"name","properties":{"name":"EPSG:3857"}},"coordinates":[[-1.63,-3.36],[-1.38,-3.36]]},"visible":false,"kind":"road","island":"Origin City","id":156},{"name":"Hide Track","geometry":{"type":"LineString","crs":{"type":"name","properties":{"name":"EPSG:3857"}},"coordinates":[[-2,-3.17],[-1.63,-3.17]]},"visible":false,"kind":"road","island":"Origin City","id":465},{"name":"Yotta Path","geometry":{"type":"LineString","crs":{"type":"name","properties":{"name":"EPSG:3857"}},"coordinates":[[-1.63,-3.58],[-1.63,-2.21]]},"visible":true,"kind":"road","island":"Origin City","id":557},{"name":"Template Center","geometry":{"type":"LineString","crs":{"type":"name","properties":{"name":"EPSG:3857"}},"coordinates":[[-1.63,-3.11],[-0.81,-3.11]]},"visible":true,"kind":"road","island":"Origin City","id":1429}],"distance_to_center":349.28,"distance_to_closest_common":42.38,"distance_to_ocean":147,"x1":-161,"x2":-155,"y1":0,"y2":6,"z1":-334,"z2":-313,"suburb":"Oasis","is_common":false,"owner":"0x4fc8117b840c52428c1441df0fb44fb675928a67","owner_name":null,"updated_at":"2023-03-08T01:36:58.394Z","parcel_users":null,"label":null,"description":"TOKENSGRATIS.COM\n\nBy Iñigo Echeverría.\n\nhttps://tokensgratis.com\n","lightmap_status":"None","content":{"voxels":"eJzt00ERACAMwDDmHOmY2IO7JtXQubPeAb60f7vf4Vd+hw6/Q4ffocPv0OF36PA7dPgdOvwOHX6HDr9DxwMETP35","palette":["#ffffff","#888888","#000000","#b30000","#01cdfe","#05ffa1","#b967ff","#fff700"],"tileset":"/uploads/atlas/aabece6a7ab73c3ccf031659c88ec0b94c681b6b.png","scripting":false,"features":[]},"settings":{"sandbox":false,"hosted_scripts":false},"island":"Origin City","kind":"plot","minted":true}}