{"success":true,"parcel":{"id":1381,"height":7,"token":null,"name":null,"traffic_visits":1105,"address":"48 Ron Road","visible":true,"geometry":{"type":"Polygon","crs":{"type":"name","properties":{"name":"EPSG:3857"}},"coordinates":[[[2.18,-2.8],[2.39,-2.8],[2.39,-2.93],[2.18,-2.93],[2.18,-2.8]]]},"area":272.9999999999997,"streets":[{"name":"Isaac Junction","geometry":{"type":"LineString","crs":{"type":"name","properties":{"name":"EPSG:3857"}},"coordinates":[[2.06,-2.95],[2.41,-2.95]]},"visible":true,"kind":"road","island":"Origin City","id":546},{"name":"Frances Heights","geometry":{"type":"LineString","crs":{"type":"name","properties":{"name":"EPSG:3857"}},"coordinates":[[2.29,-3.26],[2.29,-2.95]]},"visible":true,"kind":"road","island":"Origin City","id":720},{"name":"Bat Junction","geometry":{"type":"LineString","crs":{"type":"name","properties":{"name":"EPSG:3857"}},"coordinates":[[1.77,-2.78],[2.41,-2.78]]},"visible":true,"kind":"road","island":"Origin City","id":1250},{"name":"Ron Road","geometry":{"type":"LineString","crs":{"type":"name","properties":{"name":"EPSG:3857"}},"coordinates":[[2.41,-4.82],[2.41,0]]},"visible":true,"kind":"road","island":"Origin City","id":1170}],"distance_to_center":354.86,"distance_to_closest_common":47.01,"distance_to_ocean":188,"x1":218,"x2":239,"y1":0,"y2":7,"z1":-293,"z2":-280,"suburb":"Kitties","is_common":false,"owner":"0x1028e34f2c628e364084c99f37e6260cf9db18d2","owner_name":"Bit_Errror","updated_at":"2020-08-14T00:07:58.513Z","parcel_users":null,"label":null,"description":null,"lightmap_status":"None","content":null,"settings":{"sandbox":false,"hosted_scripts":false},"island":"Origin City","kind":"plot","minted":true}}