{"success":true,"parcel":{"id":1386,"height":6,"token":null,"name":null,"traffic_visits":1052,"address":"3 Circuit Fork","visible":true,"geometry":{"type":"Polygon","crs":{"type":"name","properties":{"name":"EPSG:3857"}},"coordinates":[[[-0.44,-3.6],[-0.33,-3.6],[-0.33,-3.7],[-0.44,-3.7],[-0.44,-3.6]]]},"area":110.00000000000007,"streets":[{"name":"Eisa Fork","geometry":{"type":"LineString","crs":{"type":"name","properties":{"name":"EPSG:3857"}},"coordinates":[[-0.31,-3.87],[-0.31,-3.58]]},"visible":true,"kind":"road","island":"Origin City","id":861},{"name":"Robertson Throughway","geometry":{"type":"LineString","crs":{"type":"name","properties":{"name":"EPSG:3857"}},"coordinates":[[-0.46,-3.87],[-0.46,-3.58]]},"visible":true,"kind":"road","island":"Origin City","id":874},{"name":"Circuit Fork","geometry":{"type":"LineString","crs":{"type":"name","properties":{"name":"EPSG:3857"}},"coordinates":[[-2.41,-3.58],[0,-3.58]]},"visible":true,"kind":"road","island":"Origin City","id":1196}],"distance_to_center":361.51,"distance_to_closest_common":168.43,"distance_to_ocean":111,"x1":-44,"x2":-33,"y1":0,"y2":6,"z1":-370,"z2":-360,"suburb":"Deep South","is_common":false,"owner":"0x0c5a2c72c009252f0e7312f5a1ab87de02be6fbe","owner_name":null,"updated_at":"2020-08-14T00:13:17.189Z","parcel_users":null,"label":null,"description":null,"lightmap_status":"None","content":null,"settings":{"sandbox":false,"hosted_scripts":false},"island":"Origin City","kind":"plot","minted":true}}