{"success":true,"parcel":{"id":139,"height":7,"token":null,"name":"Altered Reality","traffic_visits":1616,"address":"6 Alter Walk","visible":true,"geometry":{"type":"Polygon","crs":{"type":"name","properties":{"name":"EPSG:3857"}},"coordinates":[[[0.77,-0.96],[0.7,-0.96],[0.7,-0.88],[0.77,-0.88],[0.77,-0.96]]]},"area":55.99999999999993,"streets":[{"name":"Wilson Pass","geometry":{"type":"LineString","crs":{"type":"name","properties":{"name":"EPSG:3857"}},"coordinates":[[0.68,-0.98],[1.33,-0.98]]},"visible":true,"kind":"road","island":"Origin City","id":49},{"name":"Pitch Fork","geometry":{"type":"LineString","crs":{"type":"name","properties":{"name":"EPSG:3857"}},"coordinates":[[0.79,-0.98],[0.79,-0.72]]},"visible":true,"kind":"road","island":"Origin City","id":1039},{"name":"Alter Walk","geometry":{"type":"LineString","crs":{"type":"name","properties":{"name":"EPSG:3857"}},"coordinates":[[0.68,-1.54],[0.68,-0.44]]},"visible":true,"kind":"road","island":"Origin City","id":1457}],"distance_to_center":112.45,"distance_to_closest_common":232.49,"distance_to_ocean":385,"x1":70,"x2":77,"y1":0,"y2":7,"z1":-96,"z2":-88,"suburb":"Music District","is_common":false,"owner":"0x4f317380d312932621cecf1ccf91b80154c8e30b","owner_name":null,"updated_at":"2020-08-18T15:03:33.458Z","parcel_users":null,"label":null,"description":"Where time feels broken and the energy feels out of place, as if you were never meant to be here in the first place.","lightmap_status":"None","content":{"voxels":"eJztl0sKwCAMRLU39SbpzUuQ7iRY0pgPM7MQMsIQHi7s1FW+GuxpHT3mJ4kbkOty8Mudg1/u3JafWF9AcfgNmjM+B+Xkdx/uq8WvLW6L9b8L/PD+vikSv9fgt69I/OYsM7/zAr/cqs7Pf7/que3/z3+/6rk1P9jTDyAF/8Y=","palette":["#ffffff","#888888","#000000","#ff71ce","#01cdfe","#05ffa1","#b967ff","#fffb96"],"tileset":"/uploads/atlas-1582705946012.png","features":[{"url":"https://i.imgflip.com/rqk2v.jpg","type":"image","uuid":"412b4885-0c29-49c2-a666-169f81c80390","scale":[3.5,3.5,1],"stretch":false,"position":[0.5,2.5,3.75],"rotation":[0,0,0]},{"url":"https://www.myinstants.com/media/sounds/helloitsmemusic.mp3","type":"audio","uuid":"5b762264-8fa1-4fba-af8f-c34d0a70ad62","scale":[2,0.5,0],"position":[0.25,2.5,-0.25],"rotation":[0,0,0]},{"id":"","url":"https://lh3.googleusercontent.com/proxy/76BIJqPT5QARVloDi1w_NcSYlxeMCusnUgNr85J8pfO-unw1TALjeEfgjjy6hK_3fB0Opi46aLbU-6StlJC53xzndwKp3Gg1dKIesTW2jQB_lCURGd-B_EBvMlV_8tgF8a3Uml7LYuO9hbDXgy0IxEWlRNSHDXiDJnvCwwJAFMTAM6M2dsWdZk8","type":"image","uuid":"abb83c35-149e-476c-bcfd-bd9e0cf598ad","scale":[3.5,3.5,1],"stretch":true,"position":[0.5,2.5,-3.75],"rotation":[0,0,0]},{"url":"https://www.myinstants.com/media/sounds/lionel-richie-helloisitme.mp3","type":"audio","uuid":"7b7c6a48-a654-439b-a47d-e54423e715e6","scale":[2,0.5,0],"position":[0.25,2.5,0.25],"rotation":[0,3.141592653589793,0]}],"scripting":false},"settings":{"sandbox":false,"hosted_scripts":false},"island":"Origin City","kind":"plot","minted":true}}