{"success":true,"parcel":{"id":1393,"height":12,"token":null,"name":null,"traffic_visits":2782,"address":"9 Chiller Walk","visible":true,"geometry":{"type":"Polygon","crs":{"type":"name","properties":{"name":"EPSG:3857"}},"coordinates":[[[3.43,1.08],[3.43,1.18],[3.57,1.18],[3.57,1.08],[3.43,1.08]]]},"area":139.99999999999991,"streets":[{"name":"Badge Gateway","geometry":{"type":"LineString","crs":{"type":"name","properties":{"name":"EPSG:3857"}},"coordinates":[[2.41,1.14],[3.41,1.14]]},"visible":true,"kind":"road","island":"Origin City","id":1001},{"name":"Nano Divide","geometry":{"type":"LineString","crs":{"type":"name","properties":{"name":"EPSG:3857"}},"coordinates":[[3.41,1.2],[3.8,1.2]]},"visible":true,"kind":"road","island":"Origin City","id":356},{"name":"Trick Fork","geometry":{"type":"LineString","crs":{"type":"name","properties":{"name":"EPSG:3857"}},"coordinates":[[3.59,0.84],[3.59,1.2]]},"visible":true,"kind":"road","island":"Origin City","id":1053},{"name":"Chiller Walk","geometry":{"type":"LineString","crs":{"type":"name","properties":{"name":"EPSG:3857"}},"coordinates":[[3.41,0],[3.41,1.68]]},"visible":true,"kind":"road","island":"Origin City","id":1205}],"distance_to_center":359.6,"distance_to_closest_common":328,"distance_to_ocean":124,"x1":343,"x2":357,"y1":0,"y2":12,"z1":108,"z2":118,"suburb":"Moon","is_common":false,"owner":"0x44ddf3e35cd2d629d78674ff6bf5b953e2b069fe","owner_name":"Wintermute","updated_at":"2020-11-01T21:29:53.552Z","parcel_users":null,"label":null,"description":null,"lightmap_status":null,"content":null,"settings":{"sandbox":false,"hosted_scripts":false},"island":"Origin City","kind":"plot","minted":true}}