{"success":true,"parcel":{"id":1412,"height":13,"token":null,"name":null,"traffic_visits":2268,"address":"22 Alco Gardens","visible":true,"geometry":{"type":"Polygon","crs":{"type":"name","properties":{"name":"EPSG:3857"}},"coordinates":[[[3.47,-1.12],[3.57,-1.12],[3.57,-1.24],[3.47,-1.24],[3.47,-1.12]]]},"area":120,"streets":[{"name":"Robotka Walk","geometry":{"type":"LineString","crs":{"type":"name","properties":{"name":"EPSG:3857"}},"coordinates":[[3.59,-1.61],[3.59,-1.1]]},"visible":false,"kind":"road","island":"Origin City","id":95},{"name":"Beetle Expressway","geometry":{"type":"LineString","crs":{"type":"name","properties":{"name":"EPSG:3857"}},"coordinates":[[3.28,-1.26],[3.59,-1.26]]},"visible":true,"kind":"road","island":"Origin City","id":679},{"name":"Alco Gardens","geometry":{"type":"LineString","crs":{"type":"name","properties":{"name":"EPSG:3857"}},"coordinates":[[2.41,-1.1],[4.82,-1.1]]},"visible":true,"kind":"road","island":"Origin City","id":1182}],"distance_to_center":364.63,"distance_to_closest_common":96,"distance_to_ocean":124,"x1":347,"x2":357,"y1":0,"y2":13,"z1":-124,"z2":-112,"suburb":"Junkyard","is_common":false,"owner":"0x48778011be66236f8e7fb9933496167852004668","owner_name":null,"updated_at":"2020-08-14T00:10:27.701Z","parcel_users":null,"label":null,"description":null,"lightmap_status":"None","content":null,"settings":{"sandbox":false,"hosted_scripts":false},"island":"Origin City","kind":"plot","minted":true}}