{"success":true,"parcel":{"id":143,"height":12,"token":null,"name":"8 Track Passage","traffic_visits":3968,"address":"8 Track Passage","visible":true,"geometry":{"type":"Polygon","crs":{"type":"name","properties":{"name":"EPSG:3857"}},"coordinates":[[[-1.1,-0.64],[-1.1,-0.52],[-0.97,-0.52],[-0.97,-0.64],[-1.1,-0.64]]]},"area":156.00000000000014,"streets":[{"name":"Stephen Way","geometry":{"type":"LineString","crs":{"type":"name","properties":{"name":"EPSG:3857"}},"coordinates":[[-1.81,-0.61],[-1.12,-0.61]]},"visible":true,"kind":"road","island":"Origin City","id":109},{"name":"Cross Junction","geometry":{"type":"LineString","crs":{"type":"name","properties":{"name":"EPSG:3857"}},"coordinates":[[-0.95,-0.97],[-0.95,-0.5]]},"visible":true,"kind":"road","island":"Origin City","id":150},{"name":"Track Passage","geometry":{"type":"LineString","crs":{"type":"name","properties":{"name":"EPSG:3857"}},"coordinates":[[-1.12,-2.21],[-1.12,0]]},"visible":true,"kind":"road","island":"Origin City","id":1198},{"name":"Niven Junction","geometry":{"type":"LineString","crs":{"type":"name","properties":{"name":"EPSG:3857"}},"coordinates":[[-1.12,-0.5],[0,-0.5]]},"visible":true,"kind":"road","island":"Origin City","id":1456}],"distance_to_center":110.06,"distance_to_closest_common":233.47,"distance_to_ocean":371,"x1":-110,"x2":-97,"y1":0,"y2":12,"z1":-64,"z2":-52,"suburb":"Hiro","is_common":false,"owner":"0x91ed1310bc8e36e5a90a996387e43e79fbbec88d","owner_name":null,"updated_at":"2022-04-27T19:59:32.069Z","parcel_users":null,"label":null,"description":"","lightmap_status":"None","content":{"voxels":"eJzt1KERwDAQBLG485SeGgwye0B6euDRnveM3XPB3t5+a792d//frIEte73673tgi/4AFf0BKvoDVPQHqOgPUNEfoKI/QEV/gIr+ABX9ASr6A1T0B6joD1DRH6CiP0BFf4CK/gAV/QEq+gNU9Aeo6A9Q0R+gsteff3tlb2+/tL+7D7p3/g8=","palette":["#000000","#888888","#000000","#000000","#3225b2","#6a35ba","#dee9fe","#acacac"],"tileset":"/uploads/atlas-1579471635092.png","scripting":false},"settings":{"sandbox":false,"hosted_scripts":false},"island":"Origin City","kind":"plot","minted":true}}