{"success":true,"parcel":{"id":1447,"height":6,"token":null,"name":"Skeezy Vibes","traffic_visits":1216,"address":"1 Robotka Walk","visible":true,"geometry":{"type":"Polygon","crs":{"type":"name","properties":{"name":"EPSG:3857"}},"coordinates":[[[3.57,-1.28],[3.57,-1.36],[3.45,-1.36],[3.45,-1.28],[3.57,-1.28]]]},"area":96.00000000000016,"streets":[{"name":"Robotka Walk","geometry":{"type":"LineString","crs":{"type":"name","properties":{"name":"EPSG:3857"}},"coordinates":[[3.59,-1.61],[3.59,-1.1]]},"visible":false,"kind":"road","island":"Origin City","id":95},{"name":"Baud Trace","geometry":{"type":"LineString","crs":{"type":"name","properties":{"name":"EPSG:3857"}},"coordinates":[[3.59,-1.33],[3.84,-1.33]]},"visible":false,"kind":"road","island":"Origin City","id":1280},{"name":"Beetle Expressway","geometry":{"type":"LineString","crs":{"type":"name","properties":{"name":"EPSG:3857"}},"coordinates":[[3.28,-1.26],[3.59,-1.26]]},"visible":true,"kind":"road","island":"Origin City","id":679},{"name":"Voxel Crossing","geometry":{"type":"LineString","crs":{"type":"name","properties":{"name":"EPSG:3857"}},"coordinates":[[3.28,-1.38],[3.59,-1.38]]},"visible":true,"kind":"road","island":"Origin City","id":736}],"distance_to_center":367.98,"distance_to_closest_common":84,"distance_to_ocean":124,"x1":345,"x2":357,"y1":0,"y2":6,"z1":-136,"z2":-128,"suburb":"Junkyard","is_common":false,"owner":"0x13f632fdbbf0c9ff63adc0156d5dff9744d81d28","owner_name":null,"updated_at":"2020-08-14T00:24:23.179Z","parcel_users":null,"label":null,"description":"Official stage for Skeezy Vibes live sets. See more of my music on [youtube](https://www.youtube.com/results?search_query=skeezy+vibes).","lightmap_status":"None","content":{"voxels":"eJztmlEKgCAQBfNsXcy7eJQuFkLh3xqRTuDM+3zgtmP0VcppcLaAFXrWb9SuwPj7eT99BfTPon8W/bPon0X/LPpn0T+L/ln0z6J/Fv2z6J9F/yz6Z5nnv+TjSsnt/Dar5JaPl/wxM9//2//T6Svg94dF/yz6Z9E/C/9/RAlS+yNI7fcgM/re8/X2i3MCZwVg1w==","palette":["#ffffff","#888888","#000000","#ff71ce","#01cdfe","#ff05ee","#651da5","#fffb96"],"tileset":null,"features":[{"type":"boombox","uuid":"3c66fb01-4fe0-4061-9044-47bb436968c5","scale":[1,1,1],"position":[3,1.75,0.25],"rotation":[0,1.5707963267948966,0]},{"text":"SKEEZY VIBES","type":"polytext","uuid":"f61a1833-4c6f-463e-bf29-1fdf6a1577ea","color":"#bbff00","scale":[0.2,0.2,0.2],"script":"","position":[5.75,3,0.25],"rotation":[0,3.14,0],"animation":{"keyframes":[]}}],"scripting":false},"settings":{"sandbox":false,"hosted_scripts":false},"island":"Origin City","kind":"plot","minted":true}}